<?xml version="1.0" encoding="UTF-8"?>
<beans xmlns="http://www.springframework.org/schema/beans"
       xmlns:xsi="http://www.w3.org/2001/XMLSchema-instance"
       xmlns:aop="http://www.springframework.org/schema/aop"
       xmlns:mvc="http://www.springframework.org/schema/mvc"
       xmlns:context="http://www.springframework.org/schema/context"
       xmlns:tx="http://www.springframework.org/schema/tx"

       xsi:schemaLocation="http://www.springframework.org/schema/beans
    http://www.springframework.org/schema/beans/spring-beans-3.0.xsd
    http://www.springframework.org/schema/aop
    http://www.springframework.org/schema/aop/spring-aop-3.0.xsd
	 http://www.springframework.org/schema/mvc
     http://www.springframework.org/schema/mvc/spring-mvc.xsd
     http://www.springframework.org/schema/context
     http://www.springframework.org/schema/context/spring-context.xsd
     http://www.springframework.org/schema/tx
	 http://www.springframework.org/schema/tx/spring-tx-3.0.xsd">
	 
	 
	 <context:annotation-config/>
	 <context:component-scan base-package="org.reni"/>
	 
	 <bean id="viewResolver" class="org.springframework.web.servlet.view.InternalResourceViewResolver">
	 	<property name="prefix" value="/WEB-INF/views/"></property>
	 	<property name="suffix" value=".jsp"/>
	 </bean>
	 
	 <bean id="dataSource" class="org.springframework.jdbc.datasource.DriverManagerDataSource">
	 	<property name="driverClassName" value="com.mysql.cj.jdbc.Driver"/>
	 	<property name="url" value="jdbc:mysql://localhost:3306/empdb"/>
	 	<property name="username" value="reni"/>
	 	<property name="password" value="password"/>
	 	
	 </bean>
	 
	 <bean id="sessionFactory" class="org.springframework.orm.hibernate5.LocalSessionFactoryBean">
	 	<property name="dataSource" ref="dataSource"/>
	 	<property name="packagesToScan" value="org.reni.entities"/>
	 	<property name="hibernateProperties">
	 		<props>
	 			<prop key="hibernate.dialect">org.hibernate.dialect.MySQLDialect</prop>
	 			<prop key="hibernate.show_sql">true</prop>
	 			<prop key="hbm2ddl.auto">update</prop>
	 		
	 		</props>
	 	
	 	</property>
	 </bean>
	 
	 <bean id="transactionManager" class="org.springframework.orm.hibernate5.HibernateTransactionManager">
	 	<property name="sessionFactory" ref="sessionFactory"/>
	 </bean>
	 
	 <tx:annotation-driven transaction-manager="transactionManager"/>
	 
	 <bean id="myValidationBean" class="org.springframework.validation.beanvalidation.LocalValidatorFactoryBean">
	 
	 </bean>
	 <mvc:annotation-driven validator="myValidationBean"/>
	 
	 
	</beans>